gene,sample,condition,normalized_count,log2_normalized_count_plus_1
Notch2,WT1,WildType,4491.69373023,12.1333650004
Notch2,WT2,WildType,6689.63759569,12.7079279862
Notch2,WT3,WildType,14176.4539024,13.791310845
Notch2,KO1,Notch2CKO,2960.83693041,11.5322764971
Notch2,KO2,Notch2CKO,5409.28263278,12.401488247
Notch2,KO3,Notch2CKO,5579.37080586,12.4461452745
Id4,WT1,WildType,3265.22248862,11.6734073524
Id4,WT2,WildType,2686.01541853,11.3917888845
Id4,WT3,WildType,3883.55231542,11.923532626
Id4,KO1,Notch2CKO,2084.76021437,11.0263575952
Id4,KO2,Notch2CKO,2068.16268005,11.0148313607
Id4,KO3,Notch2CKO,2172.12145877,11.0855530957
Hes5,WT1,WildType,10562.3238146,13.3667762385
Hes5,WT2,WildType,18686.4525374,14.1897822947
Hes5,WT3,WildType,23178.5579285,14.5005654316
Hes5,KO1,Notch2CKO,17495.2758906,14.0947602544
Hes5,KO2,Notch2CKO,18676.326208,14.1890003173
Hes5,KO3,Notch2CKO,16626.6518671,14.0212968273
Hopx,WT1,WildType,2076.32367016,11.0205103063
Hopx,WT2,WildType,1736.99266703,10.7632062798
Hopx,WT3,WildType,2727.91031096,11.4141092641
Hopx,KO1,Notch2CKO,1168.10228805,10.1911854455
Hopx,KO2,Notch2CKO,1661.65451396,10.6992727042
Hopx,KO3,Notch2CKO,1723.56070696,10.7520131992
Ascl1,WT1,WildType,1724.75313919,10.7530103932
Ascl1,WT2,WildType,1595.39587837,10.6406027438
Ascl1,WT3,WildType,2861.82590804,11.4832242256
Ascl1,KO1,Notch2CKO,1872.30564291,10.8713705892
Ascl1,KO2,Notch2CKO,1911.0074612,10.9008724378
Ascl1,KO3,Notch2CKO,2287.20674257,11.1600016921
Egfr,WT1,WildType,773.813000728,9.59770435116
Egfr,WT2,WildType,1781.30921921,10.7995319416
Egfr,WT3,WildType,846.892155629,9.7277369682
Egfr,KO1,Notch2CKO,2185.01967506,11.0940906706
Egfr,KO2,Notch2CKO,1746.51833214,10.7710918748
Egfr,KO3,Notch2CKO,2806.44979467,11.455044508
Eomes,WT1,WildType,538.538065246,9.07558093745
Eomes,WT2,WildType,102.684694069,6.69605912905
Eomes,WT3,WildType,146.315189406,7.20276238153
Eomes,KO1,Notch2CKO,447.984733088,8.81052257935
Eomes,KO2,Notch2CKO,308.024228944,8.27157614637
Eomes,KO3,Notch2CKO,471.215335236,8.88330108375
Mki67,WT1,WildType,442.817844347,8.79382386414
Mki67,WT2,WildType,502.614555178,8.97617616938
Mki67,WT3,WildType,184.753925606,7.53724888987
Mki67,KO1,Notch2CKO,819.58130565,9.68050247714
Mki67,KO2,Notch2CKO,1115.80205383,10.1251577845
Mki67,KO3,Notch2CKO,1368.33683886,10.4192616589
