gene,WT1,WT2,WT3,KO1,KO2,KO3
Simc1,-0.653186762602,-0.529780431202,-0.585169951132,0.675403481978,0.525197446578,0.567536216378
A230001M10Rik,-0.503037640753,-0.641023639423,-0.631530052173,0.563480361187,0.942129211897,0.269981759267
3110080O07Rik,-0.52495290726,-0.54650431467,-0.48769806064,0.19464691342,0.9150456729,0.44946269625
Rnd3,-0.536689819942,-0.926068044962,-0.846164630782,0.558911857528,0.600141009528,1.14986962863
Fanci,-1.10873029669,-0.645956421912,-0.842001837692,0.602669158578,0.846485207678,1.14753419004
2310014F06Rik,-0.821204293797,-0.589843148547,-0.695019890427,0.319924897553,0.809740245683,0.976402189533
Gm42819,-0.774197473602,-0.469270396722,-0.766029218052,0.269063586578,0.766555409088,0.973878092708
Serpina3m,-0.924103205192,-1.12438891003,-0.809056475812,0.934108827398,1.16795720017,0.755482563468
1810026J23Rik,-0.994426271793,-0.594446806263,-0.990958721853,0.780368342537,1.19997822264,0.599485234737
Cdca7l,-1.06816340562,-0.506250959162,-1.00437540699,0.575428396638,1.31780465349,0.685556721648
Cep85l,-1.04993268312,-0.522041782113,-0.722019082183,0.755224965707,0.855522799607,0.683245782107
Zbtb37,-0.834610475307,-0.401200333147,-1.03370409277,0.784760198773,0.854771568573,0.629983133873
Zfp949,0.288283596037,0.852324576237,1.85983685604,-0.784738144963,-1.33982235368,-0.875884529663
S100a3,0.760164480308,1.13745003801,1.09441134331,-0.826166389242,-0.661827068702,-1.50403240368
Scnm1,1.09182536045,0.69009486785,0.46774310725,-0.82519830795,-0.59637718665,-0.82808784095
Gm8909,0.60957739638,0.58264010755,0.37106277128,-0.53527072916,-0.51036316112,-0.51764638493
Gm43713,0.737433067443,0.656468782453,0.449885097723,-0.545752613187,-0.710579760657,-0.587454573777
Gm10499,0.740981392462,0.562798615942,0.535634571792,-0.629504946378,-0.648256474558,-0.561653159258
H2-Q10,0.732537943912,0.626995193182,0.507474994082,-0.624747050928,-0.702588004468,-0.539673075778
Ccl9,0.624822403928,0.210652763808,1.05999880423,-0.622996253752,-0.625016187642,-0.647461530572
Gm17244,0.85580715072,0.23419313832,0.97685111334,-0.5364050027,-0.77813859733,-0.75230780235
1500004A13Rik,0.526561104633,0.793502353133,0.898056222233,-0.692781594267,-0.880662461767,-0.644675623967
Riiad1,0.76149752382,0.60408456739,1.20580944376,-0.96171544699,-0.77914508743,-0.83053100055
Perp,0.480940486952,0.464218697662,1.34932163834,-0.882798861208,-0.626086905258,-0.785595056488
