,__no_feature,__ambiguous,__too_low_aQual,__not_aligned,__alignment_not_unique
WT1_rep1_1,3466586,675931,0,3736726,0
WT1_rep1_2,3493583,681710,0,3744309,0
WT1_rep2_1,3013559,653118,0,2672892,0
WT1_rep2_2,3038002,659489,0,2686821,0
WT2_rep1_1,4658413,749146,0,2761182,0
WT2_rep1_2,4690850,753717,0,2768838,0
WT2_rep2_1,4589989,481143,0,1748258,0
WT2_rep2_2,4740134,499334,0,1780481,0
WT3_rep1_1,4147217,510860,0,4137673,0
WT3_rep1_2,4175937,512481,0,4135339,0
WT3_rep2_1,5332782,635531,0,4398392,0
WT3_rep2_2,5369332,640103,0,4401830,0
KO1_rep1_1,3888294,668877,0,2414084,0
KO1_rep1_2,3911800,674999,0,2423530,0
KO1_rep2_1,4821087,717891,0,2546603,0
KO1_rep2_2,4863083,725581,0,2560729,0
KO2_rep1_1,6864199,496219,0,2322427,0
KO2_rep1_2,6919855,500587,0,2326111,0
KO2_rep2_1,7571552,531241,0,2283788,0
KO2_rep2_2,7630157,535546,0,2291992,0
KO3_rep1_1,3606084,624027,0,2938491,0
KO3_rep1_2,3635407,627575,0,2947337,0
KO3_rep2_1,4672633,633381,0,2362443,0
KO3_rep2_2,4724314,639144,0,2378726,0
