gene,baseMean,log2FoldChange,lfcSE,stat,pvalue,padj,ci95_low,ci95_high,status,fdr_and_abs_lfc_ge_1,padj_without_independent_filter
Serpina3m,286.6687393,4.09941993568,0.538878516225,7.60731744216,2.79843387753e-14,5.60302430959e-10,3.04323745184,5.15560241952,Higher in CKO,True,5.95310838767e-10
Riiad1,303.202540483,-3.42758160849,0.478850467876,-7.15793726524,8.19000162642e-13,8.1990106282e-09,-4.3661112795,-2.48905193747,Lower in CKO,True,8.71129522994e-09
1500004A13Rik,4978.72130451,-1.57074077073,0.254403281089,-6.17421585134,6.64926483074e-10,4.43771934804e-06,-2.06936203922,-1.07211950225,Lower in CKO,True,4.71499369148e-06
Gm10499,203.67270614,-2.59568919689,0.437427041681,-5.93399344245,2.95653644195e-09,1.13659981059e-05,-3.45303044445,-1.73834794933,Lower in CKO,True,1.20761601092e-05
Ccl9,92.2121731215,-4.88606275928,0.826566450688,-5.91127640761,3.39466832383e-09,1.13659981059e-05,-6.50610323346,-3.2660222851,Lower in CKO,True,1.20761601092e-05
Gm43713,89.0020685311,-4.37139888162,0.743329272245,-5.8808377994,4.08195028583e-09,1.13659981059e-05,-5.82829748387,-2.91450027937,Lower in CKO,True,1.20761601092e-05
1810026J23Rik,1724.01974453,2.0354314957,0.346911666914,5.86729040798,4.42974421639e-09,1.13659981059e-05,1.35549712273,2.71536586867,Higher in CKO,True,1.20761601092e-05
Fanci,284.79208582,3.51703119082,0.599852506538,5.86315994763,4.54140369828e-09,1.13659981059e-05,2.34134188197,4.69272049967,Higher in CKO,True,1.20761601092e-05
Perp,118.224302546,-5.90868872307,1.01401858827,-5.82700237593,5.64318092733e-09,1.2554196503e-05,-7.89612863573,-3.92124881041,Lower in CKO,True,1.33385986519e-05
2310014F06Rik,96.9539416713,5.56787074552,0.967927255169,5.75236487638,8.80036023042e-09,1.61590360224e-05,3.67076818573,7.4649733053,Higher in CKO,True,1.71686731248e-05
H2-Q10,268.473927574,-2.32966299709,0.405096372617,-5.75088584982,8.87770433758e-09,1.61590360224e-05,-3.12363729769,-1.5356886965,Lower in CKO,True,1.71686731248e-05
Cep85l,1283.81421106,1.8497445162,0.328193835517,5.63613424758,1.73909825326e-08,2.90168543557e-05,1.20649641864,2.49299261377,Higher in CKO,True,3.08298642847e-05
Simc1,762.675018552,1.57040408132,0.280876417346,5.59108556053,2.25654345719e-08,3.4754240846e-05,1.01989641921,2.12091174342,Higher in CKO,True,3.69257299729e-05
Scnm1,2380.58697776,-1.70506131231,0.311857089268,-5.46744445128,4.56570222102e-08,6.52960641923e-05,-2.3162899756,-1.09383264902,Lower in CKO,True,6.93758452483e-05
Gm17244,100.009878638,-5.16959225359,0.960707821328,-5.3810244268,7.40631427761e-08,9.88594829775e-05,-7.05254498306,-3.28663952412,Lower in CKO,True,0.000105036349085
S100a3,789.781708823,-2.7506961984,0.519414811175,-5.2957600346,1.18522398943e-07,0.000141623667043,-3.76873052134,-1.73266187546,Lower in CKO,True,0.000150472493707
A230001M10Rik,65.3247218912,5.77597634609,1.09122366696,5.29311865291,1.20247844358e-07,0.000141623667043,3.63721725977,7.91473543241,Higher in CKO,True,0.000150472493707
Rnd3,1187.31067583,1.92951904324,0.365990090876,5.27205269033,1.34906332289e-07,0.000150060810282,1.21219164642,2.64684644005,Higher in CKO,True,0.000159436800376
3110080O07Rik,55.95559855,5.26422639354,1.04497195857,5.03767239911,4.7122706858e-07,0.000496574124585,3.21611898988,7.31233379719,Higher in CKO,True,0.000527600706837
Gm8909,223.68947478,-2.04363033387,0.414757167995,-4.92729358663,8.33764287389e-07,0.000829617970711,-2.85653944547,-1.23072122227,Lower in CKO,True,0.000881453555635
Gm42819,134.516687011,3.79337943805,0.771178242077,4.91893991697,8.70141713362e-07,0.000829617970711,2.28189785792,5.30486101818,Higher in CKO,True,0.000881453555635
Zbtb37,570.623532145,2.18883856673,0.446601900272,4.90109550675,9.53037075377e-07,0.000867350378327,1.31351492677,3.06416220669,Higher in CKO,True,0.000921543532022
Cdca7l,242.916840649,3.79838017481,0.778709229639,4.87779010475,1.07280995018e-06,0.000933904383587,2.27213813029,5.32462221934,Higher in CKO,True,0.000992255916094
Zfp949,2538.82658874,-2.42220838952,0.503262687973,-4.81301007885,1.48673788072e-06,0.00124031107699,-3.40858513271,-1.43583164633,Lower in CKO,True,0.00131780728902
Gm37402,96.0237883583,5.74527366139,1.21341345553,4.73480299334,2.19267978394e-06,0.00169896713976,3.3670269902,8.12352033258,Higher in CKO,True,0.00180512076536
Serpina3f,130.993479366,2.55527093102,0.539820890087,4.73355325431,2.20623042822e-06,0.00169896713976,1.49724142834,3.61330043369,Higher in CKO,True,0.00180512076536
Carlr,89.438503679,-6.50306985819,1.37823408413,-4.71840736858,2.37698155425e-06,0.00175936647481,-9.20435902535,-3.80178069103,Lower in CKO,True,0.00186929392761
Lrrc59,1344.59696034,1.48451662657,0.315091439185,4.71138356032,2.46040661745e-06,0.00175936647481,0.866948753934,2.10208449921,Higher in CKO,True,0.00186929392761
Cbx2,294.994629294,-3.2943914988,0.735491675459,-4.47916898142,7.49341963503e-06,0.00512476065313,-4.73592869363,-1.85285430398,Lower in CKO,True,0.00544496221027
4933405L10Rik,55.1619471204,7.26375579505,1.62356583262,4.47395211767,7.67869441583e-06,0.00512476065313,4.08162523658,10.4458863535,Higher in CKO,True,0.00544496221027
Gm26801,51.5913498132,5.48580092728,1.23852328351,4.42930787037,9.45359891309e-06,0.00602552080772,3.05833989759,7.91326195697,Higher in CKO,True,0.00640200300382
4930481A15Rik,701.85212446,-2.37575922635,0.536982108196,-4.424280046,9.67644331467e-06,0.00602552080772,-3.42822481876,-1.32329363395,Lower in CKO,True,0.00640200300382
Frem1,240.461275388,2.41638478852,0.546858401851,4.41866629522,9.9311850292e-06,0.00602552080772,1.34456201625,3.48820756079,Higher in CKO,True,0.00640200300382
Serpina3n,8771.48859429,1.28260027905,0.292352285713,4.38717376854,1.1483304522e-05,0.00676231538647,0.709600328257,1.85560022985,Higher in CKO,True,0.00718483344403
Ubqln1,1764.82679733,1.63632182907,0.374930445601,4.36433436725,1.27510418156e-05,0.00719691997502,0.901471658981,2.37117199915,Higher in CKO,True,0.00764659267948
Slc30a9,1710.74791898,1.16111711209,0.266243268552,4.36111349746,1.29402217112e-05,0.00719691997502,0.639289894602,1.68294432958,Higher in CKO,True,0.00764659267948
Cyp2r1,161.215501355,-7.11273159546,1.63773978805,-4.34301691109,1.40539311311e-05,0.00758852678083,-10.3226425961,-3.90282059484,Lower in CKO,True,0.0080626675761
H2-Q2,133.119328931,-2.82608342944,0.651526221769,-4.33763574667,1.44023582895e-05,0.00758852678083,-4.10305135909,-1.54911549979,Lower in CKO,True,0.0080626675761
Lct,361.526331581,-5.07063293243,1.17168253027,-4.32765087935,1.50708103413e-05,0.00773712217062,-7.36708849307,-2.77417737179,Lower in CKO,True,0.00822054739465
Tmem17,1743.33608422,-1.65246379988,0.383078119199,-4.3136470528,1.60583241108e-05,0.00803799413364,-2.40328311677,-0.901644482982,Lower in CKO,True,0.00854021822021
Olfr31,44.5181395804,-7.09354548468,1.65428569034,-4.28798092501,1.80304572617e-05,0.00880501988519,-10.3358858579,-3.85120511148,Lower in CKO,True,0.0093551687153
Vangl1,723.982531912,1.8272505488,0.42759250744,4.27334557319,1.92561664013e-05,0.00917968961157,0.989184634155,2.66531646344,Higher in CKO,True,0.00975324828224
Gucy1b2,130.174507413,4.55608854445,1.06805779263,4.2657696764,1.9921421772e-05,0.00927596992369,2.46273373749,6.64944335141,Higher in CKO,True,0.00985554431059
Irf7,73.927245313,5.99798077743,1.40989183188,4.25421343807,2.09785126839e-05,0.00954617683995,3.23464356484,8.76131799001,Higher in CKO,True,0.0101426340983
Ctnnbip1,891.794520163,1.3784657962,0.324676071554,4.24566488564,2.17946165875e-05,0.00966264356366,0.742112389317,2.01481920309,Higher in CKO,True,0.0102663778109
Pcolce2,234.931444426,-2.60977662858,0.615290653599,-4.24153465246,2.21996605698e-05,0.00966264356366,-3.81572414966,-1.4038291075,Lower in CKO,True,0.0102663778109
Clvs2,639.744475567,-1.84097189009,0.434919365479,-4.23290392706,2.30693070004e-05,0.00982752478217,-2.69339818261,-0.988545597574,Lower in CKO,True,0.0104415610174
Gm26514,65.6610519075,-4.05442484417,0.959116127889,-4.22725124339,2.36563475682e-05,0.0098676539794,-5.93425791183,-2.17459177652,Lower in CKO,True,0.0104841975379
Gm38057,90.3478475722,5.20450851529,1.23657768522,4.20880028605,2.567301766e-05,0.0103737689183,2.78086078816,7.62815624241,Higher in CKO,True,0.0110219351812
Ccne1,209.146402768,2.32519006278,0.552727198114,4.20675890515,2.59059257773e-05,0.0103737689183,1.24186466121,3.40851546436,Higher in CKO,True,0.0110219351812
2210418O10Rik,277.818898975,2.19562547607,0.524286780242,4.18783299295,2.81630629512e-05,0.0110564871845,1.16804226922,3.22320868291,Higher in CKO,True,0.0117473105522
Ntng1,78.6542489741,4.5234185872,1.08482988815,4.16970313651,3.04996660464e-05,0.0116633437227,2.39719107707,6.64964609732,Higher in CKO,True,0.012392084258
Ift81,2052.65050785,0.979695323147,0.235179493118,4.16573447862,3.10351751514e-05,0.0116633437227,0.518751986733,1.44063865956,Higher in CKO,False,0.012392084258
Fgfr1op,944.244612905,2.26556845263,0.544393840076,4.16163498895,3.15977126851e-05,0.0116633437227,1.19857613267,3.33256077258,Higher in CKO,True,0.012392084258
Lmnb1,292.420851757,1.84854051188,0.44452443665,4.15846770048,3.20389523898e-05,0.0116633437227,0.9772886258,2.71979239796,Higher in CKO,True,0.012392084258
H2-DMb1,51.0309810106,6.04044691077,1.45775284666,4.14367011842,3.41791309341e-05,0.0122202599922,3.18330383294,8.89758998859,Higher in CKO,True,0.0129837973636
Elavl1,2485.08458957,1.29487596703,0.313211339468,4.13419248878,3.56204841106e-05,0.0125121637344,0.680993022122,1.90875891194,Higher in CKO,True,0.0132939396225
Smg1,1822.64909196,1.3591105301,0.329775156155,4.12132480186,3.76699887693e-05,0.0130039399162,0.71276310104,2.00545795916,Higher in CKO,True,0.013816442605
Themis2,80.0270210952,5.64631541482,1.37731347228,4.09951367533,4.14019207282e-05,0.0140499874037,2.94683061373,8.3458002159,Higher in CKO,True,0.0149278484687
1700003E16Rik,455.313830847,-2.77525485078,0.681058083085,-4.07491654486,4.60308515174e-05,0.0153604951514,-4.110104165,-1.44040553655,Lower in CKO,True,0.0163202384055
Bank1,148.422038,3.70427551673,0.912990223059,4.05730031185,4.96432310271e-05,0.0160408170036,1.9148475613,5.49370347217,Higher in CKO,True,0.0170430676315
Rasd1,556.99914244,-2.48409839109,0.612763831049,-4.05392463657,5.03654480332e-05,0.0160408170036,-3.68509343097,-1.2831033512,Lower in CKO,True,0.0170430676315
H2-Q4,238.134095363,-1.72415391739,0.425357236166,-4.05342561685,5.04730532028e-05,0.0160408170036,-2.55783878084,-0.890469053938,Lower in CKO,True,0.0170430676315
Gm11412,33.2809714473,6.52892191562,1.63098715165,4.00304926314,6.25312750119e-05,0.019562518567,3.33224583913,9.72559799211,Higher in CKO,True,0.0207848095833
Sumf1,1595.21535911,1.55044016284,0.388062286568,3.99533841991,6.46019050553e-05,0.0197715055726,0.789852057412,2.31102826828,Higher in CKO,True,0.0210068543625
Zfp850,69.3624582212,3.09294934446,0.774652380136,3.99269326962,6.53270489884e-05,0.0197715055726,1.57465857886,4.61124011007,Higher in CKO,True,0.0210068543625
Gm42763,156.153365085,-5.0623316679,1.26885573587,-3.98968261307,6.6161765726e-05,0.0197715055726,-7.54924321179,-2.57542012402,Lower in CKO,True,0.0210068543625
Slc30a5,1610.6413555,1.63467758847,0.410351798327,3.98360040126,6.7878974288e-05,0.019986365047,0.830402842762,2.43895233419,Higher in CKO,True,0.0212351385298
Nsun3,660.327861796,2.02321335732,0.509113877981,3.9739897984,7.06785915962e-05,0.0205090834919,1.02536849245,3.02105822219,Higher in CKO,True,0.0217905170873
Cbln4,43.8644697937,5.47566680431,1.37971461819,3.96869521575,7.22672417274e-05,0.0205310024699,2.77147584371,8.1798577649,Higher in CKO,True,0.0218138055909
Ncapg2,705.002391688,1.72116881516,0.433879519188,3.96692800429,7.28049732975e-05,0.0205310024699,0.870780583918,2.5715570464,Higher in CKO,True,0.0218138055909
Ccdc137,1192.54650026,1.41172384607,0.356174989509,3.96356815511,7.38377704159e-05,0.0205330533231,0.713633694434,2.1098139977,Higher in CKO,True,0.0218159845841
Trim30b,58.4707031189,4.22912531715,1.06959477766,3.95395097796,7.68711658596e-05,0.0208208884778,2.13275807488,6.32549255941,Higher in CKO,True,0.022121804045
Sgca,45.3765934274,4.47266420619,1.1312610625,3.95369765163,7.69526394644e-05,0.0208208884778,2.25543326657,6.6898951458,Higher in CKO,True,0.022121804045
Mef2a,1392.73627986,1.06972297952,0.271012153481,3.94714025104,7.90902303117e-05,0.021113927884,0.538548919329,1.60089703972,Higher in CKO,True,0.0224331529256
Rap1b,1532.21037914,1.78582292977,0.453140232901,3.94099397958,8.1144663034e-05,0.0213773479377,0.897684393338,2.6739614662,Higher in CKO,True,0.022713031799
Map1a,1397.76339952,-1.02559394905,0.260615230226,-3.9352801759,8.30996954746e-05,0.0215370388099,-1.53639041411,-0.514797483981,Lower in CKO,True,0.0228827003597
H2-M2,23.6196068479,-6.26319345371,1.59248377919,-3.93297158536,8.39021589837e-05,0.0215370388099,-9.38440430689,-3.14198260053,Lower in CKO,True,0.0228827003597
Gm5596,50.8407136796,4.94826298301,1.26000930845,3.92716383113,8.59534350967e-05,0.0217842997153,2.47869011827,7.41783584775,Higher in CKO,True,0.0231454104407
Lrrc55,85.526301553,4.22918918878,1.07894464332,3.91974622143,8.86422596104e-05,0.022184941524,2.11449654656,6.34388183101,Higher in CKO,True,0.0235710848586
S100a13,5805.93665716,-0.98621741309,0.253674052565,-3.88773468597,0.000101184138465,0.0250112200042,-1.48340941993,-0.48902540625,Lower in CKO,False,0.0265739528093
Nefm,333.006691822,-2.99446952711,0.773691062987,-3.87036851059,0.000108670958546,0.0265342674635,-4.51087614573,-1.4780629085,Lower in CKO,True,0.0281921622091
Cggbp1,3390.71352399,1.00302498045,0.25982519464,3.86038383169,0.000113209052872,0.0273092970675,0.493776956683,1.51227300423,Higher in CKO,True,0.0290156166475
Magi1,2724.63286223,0.907634036154,0.235365906999,3.85626808795,0.000115131220797,0.0273281737714,0.446325335247,1.36894273706,Higher in CKO,False,0.0290356727919
Serpina3c,64.8713055604,2.71455334136,0.70427518892,3.85439297602,0.000116017119697,0.0273281737714,1.33419933587,4.09490734685,Higher in CKO,True,0.0290356727919
Gm43852,225.548591849,-1.9744840502,0.514095592146,-3.84069437741,0.000122686781905,0.0285631947361,-2.98209289542,-0.966875204987,Lower in CKO,True,0.0303478594357
Lrp8os2,93.2579243552,4.16841306333,1.08651728352,3.83649034079,0.000124805102398,0.0287223880483,2.03887831905,6.29794780761,Higher in CKO,True,0.0305169993483
Fnbp1l,670.31236224,1.54098437491,0.402230155648,3.83110105812,0.000127571090858,0.0290253225133,0.752627756346,2.32934099348,Higher in CKO,True,0.0308388615435
Gm20754,501.556748571,-2.44914309542,0.639930097912,-3.82720410152,0.000129607043262,0.0291572159572,-3.70338303995,-1.19490315089,Lower in CKO,True,0.0309789958575
Ptx3,177.342388601,2.53696680239,0.663548906611,3.82333054446,0.000131661087451,0.0292902032549,1.23643484345,3.83749876133,Higher in CKO,True,0.0311202923705
Gm20699,91.9125736909,3.17390440674,0.830910708397,3.81978999027,0.000133565346264,0.0293873116803,1.54534934392,4.80245946957,Higher in CKO,True,0.0312234682537
Bloc1s4,455.525096463,2.38157243424,0.625182135835,3.80940576791,0.000139301184464,0.0303161773406,1.15623796423,3.60690690426,Higher in CKO,True,0.0322103706207
Fgf1,1891.82498122,1.47059666264,0.388400922936,3.78628519088,0.000152916165709,0.032321347698,0.709344842119,2.23184848315,Higher in CKO,True,0.0343408265697
Cyp39a1,617.561048082,1.42953344405,0.377972583764,3.78210882337,0.000155505347628,0.032321347698,0.688720792725,2.17034609537,Higher in CKO,True,0.0343408265697
S100a16,51267.7693248,-1.28027969209,0.338555731155,-3.78159214059,0.000155828523492,0.032321347698,-1.94383673191,-0.616722652263,Lower in CKO,True,0.0343408265697
Minpp1,976.210784826,1.77746616214,0.470174999088,3.78043529662,0.000156554402365,0.032321347698,0.855940097496,2.69899222678,Higher in CKO,True,0.0343408265697
Platr5,52.6702325601,-9.29565813006,2.4589186385,-3.78038459041,0.000156586291415,0.032321347698,-14.1150501024,-4.47626615768,Lower in CKO,True,0.0343408265697
Mrpl44,1398.11224755,-1.76173752046,0.467715294767,-3.76668785514,0.000165427619516,0.0330443351012,-2.67844265322,-0.845032387701,Lower in CKO,True,0.0351089871445
Alkbh8,914.009149682,1.75972340283,0.467249092114,3.7661355207,0.000165793823066,0.0330443351012,0.843932010474,2.67551479518,Higher in CKO,True,0.0351089871445
Rfng,2234.90799283,1.27598835581,0.338813425079,3.76605016616,0.000165850482016,0.0330443351012,0.611926245181,1.94005046645,Higher in CKO,True,0.0351089871445
Fam71e1,623.340027338,-1.40920563171,0.374614760888,-3.76174614255,0.00016873125812,0.0330443351012,-2.14343707113,-0.674974192296,Lower in CKO,True,0.0351089871445
Casp2,1366.1247639,1.165945849,0.310133792251,3.75949309019,0.000170257979671,0.0330443351012,0.558094785801,1.7737969122,Higher in CKO,True,0.0351089871445
A830018L16Rik,289.101255136,-3.17033701706,0.843499159873,-3.75855385267,0.00017089825871,0.0330443351012,-4.82356499141,-1.51710904272,Lower in CKO,True,0.0351089871445
H2-D1,8834.2755005,-0.886615437629,0.2361052094,-3.75517100991,0.00017322316312,0.0330443351012,-1.34937314462,-0.423857730642,Lower in CKO,False,0.0351089871445
Cabp2,43.8828754188,-6.4442374285,1.71614249376,-3.75507130201,0.00017329213793,0.0330443351012,-9.80781490861,-3.08065994838,Lower in CKO,True,0.0351089871445
Tysnd1,781.238507868,1.86215289769,0.496718606747,3.74890908533,0.000177605449585,0.0335473236943,0.888602318012,2.83570347736,Higher in CKO,True,0.035643403104
Slc25a29,2721.08103857,-0.872071824753,0.23373196603,-3.73107641015,0.000190663379256,0.0356772166304,-1.33017806021,-0.413965589299,Lower in CKO,False,0.0379063744571
4921511C10Rik,67.2109135574,-4.81017527144,1.29009758314,-3.72853599163,0.000192595405056,0.0357050481484,-7.33872007093,-2.28163047195,Lower in CKO,True,0.0379359449236
Gm43544,78.7158336423,4.16654495372,1.12146738503,3.71526181621,0.00020299340016,0.0372874665872,1.96850926923,6.36458063821,Higher in CKO,True,0.0396172348771
Hnrnpa0,928.367126812,-1.21322487066,0.327449982813,-3.70506927575,0.000211332965676,0.038166638852,-1.85501504372,-0.571434697613,Lower in CKO,True,0.0405513389421
Cdk5rap1,913.240812764,1.485459609,0.400959885663,3.70475866068,0.000211592094325,0.038166638852,0.69959267385,2.27132654414,Higher in CKO,True,0.0405513389421
Gm12586,21.4300997474,-6.12118314601,1.65418021079,-3.70043306412,0.000215231847383,0.0384765361456,-9.3633167831,-2.87904950893,Lower in CKO,True,0.0408805990124
Ccr5,44.2237393554,4.28331272557,1.16088444144,3.68969776204,0.000224520635126,0.0397818774911,2.00802103013,6.558604421,Higher in CKO,True,0.0422674997437
Gm26645,100.561109692,4.2697996838,1.16273303173,3.67220984293,0.000240462101967,0.0422327386454,1.99088481798,6.54871454962,Higher in CKO,True,0.044871493817
Fut2,30.6364095049,5.36377150623,1.46256631646,3.66736977726,0.000245058283042,0.0426657125484,2.49719420097,8.2303488115,Higher in CKO,True,0.0453315204796
Gm43570,89.0734970195,5.00791846335,1.36840952096,3.65966356316,0.0002525466032,0.0435904145627,2.32588508616,7.68995184054,Higher in CKO,True,0.0463139990507
Zfp874b,330.163131801,1.51501848291,0.414920688502,3.65134476273,0.000260870764588,0.0444214748372,0.701788877004,2.32824808881,Higher in CKO,True,0.047196985027
Mgat2,1701.41566351,1.41380917314,0.387299046888,3.65043287481,0.000261798722944,0.0444214748372,0.654716989995,2.17290135629,Higher in CKO,True,0.047196985027
Pi4kb,705.918317942,1.88486678403,0.518043066708,3.63843646439,0.000274298277582,0.0461512614601,0.869521030845,2.90021253722,Higher in CKO,True,0.0490348509161
9630013K17Rik,31.191872651,5.99831060734,1.65723489396,3.61946917073,0.000295207977594,0.0492554510616,2.75018990126,9.24643131343,Higher in CKO,True,0.0523329942281
Gm37906,28.6295124484,4.96157634255,1.37162496494,3.617298073,0.000297694410681,0.0492598139724,2.27324081097,7.64991187412,Higher in CKO,True,0.0523376297391
