title,geo_accession,run_accession,biological_sample,condition,library,lane,assigned_gene_counts,htseq_total,assigned_fraction
WT1_rep1_1,GSM3261582,SRR7498002,WT1,WildType,1,1,12836205,20715448,0.619644093625
WT1_rep1_2,GSM3261583,SRR7498003,WT1,WildType,1,2,12920383,20839985,0.619980436646
WT1_rep2_1,GSM3261584,SRR7498004,WT1,WildType,2,1,13411324,19750893,0.679023677562
WT1_rep2_2,GSM3261585,SRR7498005,WT1,WildType,2,2,13514573,19898885,0.679162324924
WT2_rep1_1,GSM3261586,SRR7498006,WT2,WildType,1,1,11791439,19960180,0.590748129526
WT2_rep1_2,GSM3261587,SRR7498007,WT2,WildType,1,2,11861881,20075286,0.590869838666
WT2_rep2_1,GSM3261588,SRR7498008,WT2,WildType,2,1,9100966,15920356,0.571655935332
WT2_rep2_2,GSM3261589,SRR7498009,WT2,WildType,2,2,9398927,16418876,0.572446432996
WT3_rep1_1,GSM3261590,SRR7498010,WT3,WildType,1,1,9192456,17988206,0.511026836139
WT3_rep1_2,GSM3261591,SRR7498011,WT3,WildType,1,2,9233785,18057542,0.511353372458
WT3_rep2_1,GSM3261592,SRR7498012,WT3,WildType,2,1,10949602,21316307,0.513672560636
WT3_rep2_2,GSM3261593,SRR7498013,WT3,WildType,2,2,10990736,21402001,0.513537776211
KO1_rep1_1,GSM3261594,SRR7498014,KO1,Notch2CKO,1,1,13093670,20064925,0.65256511051
KO1_rep1_2,GSM3261595,SRR7498015,KO1,Notch2CKO,1,2,13177898,20188227,0.652751625985
KO1_rep2_1,GSM3261596,SRR7498016,KO1,Notch2CKO,2,1,13801768,21887349,0.630581985968
KO1_rep2_2,GSM3261597,SRR7498017,KO1,Notch2CKO,2,2,13911627,22061020,0.630597633292
KO2_rep1_1,GSM3261598,SRR7498018,KO2,Notch2CKO,1,1,9879895,19562740,0.505036359937
KO2_rep1_2,GSM3261599,SRR7498019,KO2,Notch2CKO,1,2,9952213,19698766,0.505220123941
KO2_rep2_1,GSM3261600,SRR7498020,KO2,Notch2CKO,2,1,10952313,21338894,0.51325588852
KO2_rep2_2,GSM3261601,SRR7498021,KO2,Notch2CKO,2,2,11025818,21483513,0.513222302144
KO3_rep1_1,GSM3261602,SRR7498022,KO3,Notch2CKO,1,1,12542744,19711346,0.636321030537
KO3_rep1_2,GSM3261603,SRR7498023,KO3,Notch2CKO,1,2,12625550,19835869,0.636500977094
KO3_rep2_1,GSM3261604,SRR7498024,KO3,Notch2CKO,2,1,13497118,21165575,0.63769200695
KO3_rep2_2,GSM3261605,SRR7498025,KO3,Notch2CKO,2,2,13638535,21380719,0.637889446094
