,WT1_rep1_1,WT1_rep1_2,WT1_rep2_1,WT1_rep2_2,WT2_rep1_1,WT2_rep1_2,WT2_rep2_1,WT2_rep2_2,WT3_rep1_1,WT3_rep1_2,WT3_rep2_1,WT3_rep2_2,KO1_rep1_1,KO1_rep1_2,KO1_rep2_1,KO1_rep2_2,KO2_rep1_1,KO2_rep1_2,KO2_rep2_1,KO2_rep2_2,KO3_rep1_1,KO3_rep1_2,KO3_rep2_1,KO3_rep2_2
WT1_rep1_1,1,0.998362448456,0.93155628013,0.931483298539,0.93472969399,0.934734027508,0.899431322379,0.899533174604,0.85561680022,0.85564882842,0.86399266907,0.864160275099,0.918821138196,0.918821734318,0.910758545421,0.910449601128,0.897864739311,0.897395567698,0.894556664662,0.894277445838,0.916791238158,0.916688345209,0.909444515766,0.909234744705
WT1_rep1_2,0.998362448456,1,0.931852401539,0.931766178811,0.934935648846,0.934933901847,0.899841589019,0.899963802834,0.855746086117,0.855768399436,0.864458396754,0.864608460447,0.919277274344,0.919276477666,0.911202438141,0.910937029468,0.89829787034,0.897808144053,0.895020204257,0.89478068567,0.91718735602,0.917083336208,0.909881283478,0.909673673572
WT1_rep2_1,0.93155628013,0.931852401539,1,0.99859134192,0.946129534166,0.946224972232,0.948519721514,0.948502845467,0.871001594232,0.871250415675,0.892533261346,0.892670791476,0.959109458356,0.959038003995,0.956158374329,0.956095829427,0.926956040002,0.926775683793,0.936533397942,0.93631699741,0.941648400794,0.941763022393,0.951253254009,0.951044940127
WT1_rep2_2,0.931483298539,0.931766178811,0.99859134192,1,0.94607430649,0.946183203664,0.948559917786,0.948496161392,0.871068745055,0.871315261819,0.892313707687,0.892493472119,0.959284619714,0.95924807307,0.956409588211,0.956317718224,0.927024089302,0.926812877704,0.936593336291,0.93638703636,0.941665308723,0.94182263709,0.95130020068,0.951108247192
WT2_rep1_1,0.93472969399,0.934935648846,0.946129534166,0.94607430649,1,0.997758030987,0.940422178131,0.940429087914,0.874567498055,0.874781496879,0.888618274818,0.888818985624,0.9506694712,0.950660888829,0.944660347423,0.944588356313,0.927646294197,0.927449430451,0.930576815065,0.930548584811,0.943713530747,0.943666665757,0.944144496992,0.944045724858
WT2_rep1_2,0.934734027508,0.934933901847,0.946224972232,0.946183203664,0.997758030987,1,0.940543545999,0.940566874579,0.874536093575,0.874768969662,0.888635721868,0.888838091097,0.950804931014,0.950859645664,0.944884630627,0.944794023362,0.927670474451,0.927436886389,0.930659972269,0.930617134757,0.943689323698,0.943599288493,0.944334312739,0.944270819935
WT2_rep2_1,0.899431322379,0.899841589019,0.948519721514,0.948559917786,0.940422178131,0.940543545999,1,0.997246309949,0.860611401738,0.861264290265,0.8947257821,0.894843355814,0.964014176245,0.964005753828,0.969231656361,0.969105341295,0.930936206356,0.93081739107,0.951496580973,0.951348199684,0.939508082371,0.93971283678,0.965090172286,0.964997271445
WT2_rep2_2,0.899533174604,0.899963802834,0.948502845467,0.948496161392,0.940429087914,0.940566874579,0.997246309949,1,0.860655615088,0.861237278116,0.894727583646,0.894875999463,0.963994148031,0.963978652207,0.969266858638,0.969109219519,0.931014425278,0.930869204512,0.951597966951,0.951418238088,0.939381049032,0.939572144377,0.965097820545,0.964954364159
WT3_rep1_1,0.85561680022,0.855746086117,0.871001594232,0.871068745055,0.874567498055,0.874536093575,0.860611401738,0.860655615088,1,0.997582556157,0.832079273528,0.832223253974,0.873468461374,0.873421447929,0.864240905051,0.864176594254,0.860591815451,0.859969657706,0.857116252328,0.85689635645,0.871666750426,0.871575700186,0.865387590561,0.865126796804
WT3_rep1_2,0.85564882842,0.855768399436,0.871250415675,0.871315261819,0.874781496879,0.874768969662,0.861264290265,0.861237278116,0.997582556157,1,0.83218641317,0.832318450219,0.873714027568,0.873660411028,0.864704491208,0.864619227289,0.860948174084,0.86035106593,0.857527848773,0.857307754001,0.871807314168,0.871740863938,0.865700892228,0.865490565651
WT3_rep2_1,0.86399266907,0.864458396754,0.892533261346,0.892313707687,0.888618274818,0.888635721868,0.8947257821,0.894727583646,0.832079273528,0.83218641317,1,0.998190691207,0.899193238456,0.899121823689,0.899355992133,0.899192415558,0.876605479917,0.876426010068,0.886558077073,0.886484893425,0.885753928442,0.885741511351,0.895794650004,0.89556929504
WT3_rep2_2,0.864160275099,0.864608460447,0.892670791476,0.892493472119,0.888818985624,0.888838091097,0.894843355814,0.894875999463,0.832223253974,0.832318450219,0.998190691207,1,0.899409780712,0.899367792983,0.899551541469,0.899376695465,0.876743770485,0.876521733323,0.886681991699,0.886603836402,0.885974855247,0.885985590522,0.895999554357,0.895802833511
KO1_rep1_1,0.918821138196,0.919277274344,0.959109458356,0.959284619714,0.9506694712,0.950804931014,0.964014176245,0.963994148031,0.873468461374,0.873714027568,0.899193238456,0.899409780712,1,0.99855989444,0.971531351621,0.971360311399,0.937024231681,0.936840911203,0.950901754975,0.950760228399,0.952126038162,0.952272395106,0.967053331966,0.966971071042
KO1_rep1_2,0.918821734318,0.919276477666,0.959038003995,0.95924807307,0.950660888829,0.950859645664,0.964005753828,0.963978652207,0.873421447929,0.873660411028,0.899121823689,0.899367792983,0.99855989444,1,0.971320216654,0.971189693913,0.937009527758,0.936810449833,0.950815247687,0.950688757838,0.952124200348,0.952272065323,0.967183509871,0.967098086341
KO1_rep2_1,0.910758545421,0.911202438141,0.956158374329,0.956409588211,0.944660347423,0.944884630627,0.969231656361,0.969266858638,0.864240905051,0.864704491208,0.899355992133,0.899551541469,0.971531351621,0.971320216654,1,0.998577187136,0.934311026825,0.934010687607,0.955996924721,0.955821106677,0.945904119122,0.946084672405,0.971780603811,0.971695282155
KO1_rep2_2,0.910449601128,0.910937029468,0.956095829427,0.956317718224,0.944588356313,0.944794023362,0.969105341295,0.969109219519,0.864176594254,0.864619227289,0.899192415558,0.899376695465,0.971360311399,0.971189693913,0.998577187136,1,0.9342451209,0.933951679202,0.955867811885,0.955697962074,0.945933083947,0.946108193331,0.97159660108,0.971492963574
KO2_rep1_1,0.897864739311,0.89829787034,0.926956040002,0.927024089302,0.927646294197,0.927670474451,0.930936206356,0.931014425278,0.860591815451,0.860948174084,0.876605479917,0.876743770485,0.937024231681,0.937009527758,0.934311026825,0.9342451209,1,0.996964169648,0.927829338806,0.927676942809,0.928061247732,0.928123737975,0.93293788879,0.932700197712
KO2_rep1_2,0.897395567698,0.897808144053,0.926775683793,0.926812877704,0.927449430451,0.927436886389,0.93081739107,0.930869204512,0.859969657706,0.86035106593,0.876426010068,0.876521733323,0.936840911203,0.936810449833,0.934010687607,0.933951679202,0.996964169648,1,0.927699544641,0.927527680393,0.927700212262,0.927760532387,0.932695260196,0.932452476273
KO2_rep2_1,0.894556664662,0.895020204257,0.936533397942,0.936593336291,0.930576815065,0.930659972269,0.951496580973,0.951597966951,0.857116252328,0.857527848773,0.886558077073,0.886681991699,0.950901754975,0.950815247687,0.955996924721,0.955867811885,0.927829338806,0.927699544641,1,0.997396330351,0.930493681922,0.930692536748,0.952026520579,0.951889366879
KO2_rep2_2,0.894277445838,0.89478068567,0.93631699741,0.93638703636,0.930548584811,0.930617134757,0.951348199684,0.951418238088,0.85689635645,0.857307754001,0.886484893425,0.886603836402,0.950760228399,0.950688757838,0.955821106677,0.955697962074,0.927676942809,0.927527680393,0.997396330351,1,0.930434154675,0.930608811122,0.951954999459,0.951813092284
KO3_rep1_1,0.916791238158,0.91718735602,0.941648400794,0.941665308723,0.943713530747,0.943689323698,0.939508082371,0.939381049032,0.871666750426,0.871807314168,0.885753928442,0.885974855247,0.952126038162,0.952124200348,0.945904119122,0.945933083947,0.928061247732,0.927700212262,0.930493681922,0.930434154675,1,0.99840421359,0.951376500875,0.951374517268
KO3_rep1_2,0.916688345209,0.917083336208,0.941763022393,0.94182263709,0.943666665757,0.943599288493,0.93971283678,0.939572144377,0.871575700186,0.871740863938,0.885741511351,0.885985590522,0.952272395106,0.952272065323,0.946084672405,0.946108193331,0.928123737975,0.927760532387,0.930692536748,0.930608811122,0.99840421359,1,0.951488231889,0.951490654064
KO3_rep2_1,0.909444515766,0.909881283478,0.951253254009,0.95130020068,0.944144496992,0.944334312739,0.965090172286,0.965097820545,0.865387590561,0.865700892228,0.895794650004,0.895999554357,0.967053331966,0.967183509871,0.971780603811,0.97159660108,0.93293788879,0.932695260196,0.952026520579,0.951954999459,0.951376500875,0.951488231889,1,0.998547439856
KO3_rep2_2,0.909234744705,0.909673673572,0.951044940127,0.951108247192,0.944045724858,0.944270819935,0.964997271445,0.964954364159,0.865126796804,0.865490565651,0.89556929504,0.895802833511,0.966971071042,0.967098086341,0.971695282155,0.971492963574,0.932700197712,0.932452476273,0.951889366879,0.951813092284,0.951374517268,0.951490654064,0.998547439856,1
