run_accession	experiment_accession	sample_accession	library_layout	read_count	base_count
SRR7498002	SRX4367443	SAMN09630529	SINGLE	20715448	1056487848
SRR7498009	SRX4367450	SAMN09630546	SINGLE	16418876	837362676
SRR7498018	SRX4367459	SAMN09630537	SINGLE	19562740	997699740
SRR7498022	SRX4367463	SAMN09630533	SINGLE	19711346	1005278646
SRR7498023	SRX4367464	SAMN09630532	SINGLE	19835869	1011629319
SRR7498003	SRX4367444	SAMN09630528	SINGLE	20839985	1062839235
SRR7498004	SRX4367445	SAMN09630551	SINGLE	19750893	1007295543
SRR7498005	SRX4367446	SAMN09630550	SINGLE	19898885	1014843135
SRR7498014	SRX4367455	SAMN09630541	SINGLE	20064925	1023311175
SRR7498008	SRX4367449	SAMN09630547	SINGLE	15920356	811938156
SRR7498010	SRX4367451	SAMN09630545	SINGLE	17988206	917398506
SRR7498015	SRX4367456	SAMN09630540	SINGLE	20188227	1029599577
SRR7498017	SRX4367458	SAMN09630538	SINGLE	22061020	1125112020
SRR7498020	SRX4367461	SAMN09630535	SINGLE	21338894	1088283594
SRR7498021	SRX4367462	SAMN09630534	SINGLE	21483513	1095659163
SRR7498006	SRX4367447	SAMN09630549	SINGLE	19960180	1017969180
SRR7498007	SRX4367448	SAMN09630548	SINGLE	20075286	1023839586
SRR7498011	SRX4367452	SAMN09630544	SINGLE	18057542	920934642
SRR7498012	SRX4367453	SAMN09630543	SINGLE	21316307	1087131657
SRR7498013	SRX4367454	SAMN09630542	SINGLE	21402001	1091502051
SRR7498016	SRX4367457	SAMN09630539	SINGLE	21887349	1116254799
SRR7498019	SRX4367460	SAMN09630536	SINGLE	19698766	1004637066
SRR7498024	SRX4367465	SAMN09630531	SINGLE	21165575	1079444325
SRR7498025	SRX4367466	SAMN09630530	SINGLE	21380719	1090416669
