geo_accession,run_accession,experiment_accession,title,biological_sample,condition,library,lane,library_layout,original_subset,filename,sha256,source_url
GSM3261582,SRR7498002,SRX4367443,WT1_rep1_1,WT1,WildType,1,1,SINGLE,True,GSM3261582_BSSE_QGF_41399_C87PPANXX_4_ACTCGCTA_CTCTCTAT_S1_L004_R1_001.count.txt.gz,bdfb68a09bc83368ebf1b8808dbfc17d139c60c5b7333c75ccd7fd5f2cf9f211,https://ftp.ncbi.nlm.nih.gov/geo/samples/GSM3261nnn/GSM3261582/suppl/GSM3261582_BSSE_QGF_41399_C87PPANXX_4_ACTCGCTA_CTCTCTAT_S1_L004_R1_001.count.txt.gz
GSM3261583,SRR7498003,SRX4367444,WT1_rep1_2,WT1,WildType,1,2,SINGLE,False,GSM3261583_BSSE_QGF_41399_C87PPANXX_5_ACTCGCTA_CTCTCTAT_S1_L005_R1_001.count.txt.gz,a7f2154b06bd4a0cb3e2233a99ea7c7d1d8255b5b6c7016c0dbbb4e209fb4d13,https://ftp.ncbi.nlm.nih.gov/geo/samples/GSM3261nnn/GSM3261583/suppl/GSM3261583_BSSE_QGF_41399_C87PPANXX_5_ACTCGCTA_CTCTCTAT_S1_L005_R1_001.count.txt.gz
GSM3261584,SRR7498004,SRX4367445,WT1_rep2_1,WT1,WildType,2,1,SINGLE,True,GSM3261584_BSSE_QGF_41405_C87PPANXX_4_GGAGCTAC_CTCTCTAT_S7_L004_R1_001.count.txt.gz,91ca3240166b2e1df300de4fd178f3206d6367a208c0ca1a27772847cdda8618,https://ftp.ncbi.nlm.nih.gov/geo/samples/GSM3261nnn/GSM3261584/suppl/GSM3261584_BSSE_QGF_41405_C87PPANXX_4_GGAGCTAC_CTCTCTAT_S7_L004_R1_001.count.txt.gz
GSM3261585,SRR7498005,SRX4367446,WT1_rep2_2,WT1,WildType,2,2,SINGLE,False,GSM3261585_BSSE_QGF_41405_C87PPANXX_5_GGAGCTAC_CTCTCTAT_S7_L005_R1_001.count.txt.gz,57effddab79b63a5d5d1e26982cdc243f008010b7d86abf80caec4cf2de96dda,https://ftp.ncbi.nlm.nih.gov/geo/samples/GSM3261nnn/GSM3261585/suppl/GSM3261585_BSSE_QGF_41405_C87PPANXX_5_GGAGCTAC_CTCTCTAT_S7_L005_R1_001.count.txt.gz
GSM3261586,SRR7498006,SRX4367447,WT2_rep1_1,WT2,WildType,1,1,SINGLE,True,GSM3261586_BSSE_QGF_41400_C87PPANXX_4_ACTCGCTA_TATCCTCT_S2_L004_R1_001.count.txt.gz,f61c5f6e3737a9264913fdbbf1c1554ead2ce57517ad17ed589e3f3d7e115c49,https://ftp.ncbi.nlm.nih.gov/geo/samples/GSM3261nnn/GSM3261586/suppl/GSM3261586_BSSE_QGF_41400_C87PPANXX_4_ACTCGCTA_TATCCTCT_S2_L004_R1_001.count.txt.gz
GSM3261587,SRR7498007,SRX4367448,WT2_rep1_2,WT2,WildType,1,2,SINGLE,False,GSM3261587_BSSE_QGF_41400_C87PPANXX_5_ACTCGCTA_TATCCTCT_S2_L005_R1_001.count.txt.gz,e9816430ff69e2a2c6cb505fed92f716b925eea5e4746636c473584f995e20e4,https://ftp.ncbi.nlm.nih.gov/geo/samples/GSM3261nnn/GSM3261587/suppl/GSM3261587_BSSE_QGF_41400_C87PPANXX_5_ACTCGCTA_TATCCTCT_S2_L005_R1_001.count.txt.gz
GSM3261588,SRR7498008,SRX4367449,WT2_rep2_1,WT2,WildType,2,1,SINGLE,True,GSM3261588_BSSE_QGF_41406_C87PPANXX_4_GGAGCTAC_TATCCTCT_S8_L004_R1_001.count.txt.gz,592825cbe9de4480fc0fb8bbe80ae5aea9e078122803aab2b8d751d851e63728,https://ftp.ncbi.nlm.nih.gov/geo/samples/GSM3261nnn/GSM3261588/suppl/GSM3261588_BSSE_QGF_41406_C87PPANXX_4_GGAGCTAC_TATCCTCT_S8_L004_R1_001.count.txt.gz
GSM3261589,SRR7498009,SRX4367450,WT2_rep2_2,WT2,WildType,2,2,SINGLE,False,GSM3261589_BSSE_QGF_41406_C87PPANXX_5_GGAGCTAC_TATCCTCT_S8_L005_R1_001.count.txt.gz,099668eb9c0b8978c9c574be58966cba79168eb40f7ac9dbd56943a34de4c131,https://ftp.ncbi.nlm.nih.gov/geo/samples/GSM3261nnn/GSM3261589/suppl/GSM3261589_BSSE_QGF_41406_C87PPANXX_5_GGAGCTAC_TATCCTCT_S8_L005_R1_001.count.txt.gz
GSM3261590,SRR7498010,SRX4367451,WT3_rep1_1,WT3,WildType,1,1,SINGLE,True,GSM3261590_BSSE_QGF_41401_C87PPANXX_4_ACTCGCTA_GTAAGGAG_S3_L004_R1_001.count.txt.gz,685af8341f154f1349dda5b1e9a2075878575a8a93c9061c885d03f0c2bf1193,https://ftp.ncbi.nlm.nih.gov/geo/samples/GSM3261nnn/GSM3261590/suppl/GSM3261590_BSSE_QGF_41401_C87PPANXX_4_ACTCGCTA_GTAAGGAG_S3_L004_R1_001.count.txt.gz
GSM3261591,SRR7498011,SRX4367452,WT3_rep1_2,WT3,WildType,1,2,SINGLE,False,GSM3261591_BSSE_QGF_41401_C87PPANXX_5_ACTCGCTA_GTAAGGAG_S3_L005_R1_001.count.txt.gz,b4a33be5ceea8b9fe07b04f80c30a308c4b47b461b2f9c75b42c404c7ae7437d,https://ftp.ncbi.nlm.nih.gov/geo/samples/GSM3261nnn/GSM3261591/suppl/GSM3261591_BSSE_QGF_41401_C87PPANXX_5_ACTCGCTA_GTAAGGAG_S3_L005_R1_001.count.txt.gz
GSM3261592,SRR7498012,SRX4367453,WT3_rep2_1,WT3,WildType,2,1,SINGLE,False,GSM3261592_BSSE_QGF_41407_C87PPANXX_4_GGAGCTAC_GTAAGGAG_S9_L004_R1_001.count.txt.gz,2a4eb22caa4093b8640062e4318d3dc0f25a4a80e205e3d972fd5dcab4703138,https://ftp.ncbi.nlm.nih.gov/geo/samples/GSM3261nnn/GSM3261592/suppl/GSM3261592_BSSE_QGF_41407_C87PPANXX_4_GGAGCTAC_GTAAGGAG_S9_L004_R1_001.count.txt.gz
GSM3261593,SRR7498013,SRX4367454,WT3_rep2_2,WT3,WildType,2,2,SINGLE,False,GSM3261593_BSSE_QGF_41407_C87PPANXX_5_GGAGCTAC_GTAAGGAG_S9_L005_R1_001.count.txt.gz,7d2db08d70c409585e7eae2071369c34b80297d83e4603eea5d190ccbf9d05b4,https://ftp.ncbi.nlm.nih.gov/geo/samples/GSM3261nnn/GSM3261593/suppl/GSM3261593_BSSE_QGF_41407_C87PPANXX_5_GGAGCTAC_GTAAGGAG_S9_L005_R1_001.count.txt.gz
GSM3261594,SRR7498014,SRX4367455,KO1_rep1_1,KO1,Notch2CKO,1,1,SINGLE,False,GSM3261594_BSSE_QGF_41402_C87PPANXX_4_ACTCGCTA_ACTGCATA_S4_L004_R1_001.count.txt.gz,cc0c999339b0044da59f6ae64012bc3899e7422a912f0c38d78ab43b6008658c,https://ftp.ncbi.nlm.nih.gov/geo/samples/GSM3261nnn/GSM3261594/suppl/GSM3261594_BSSE_QGF_41402_C87PPANXX_4_ACTCGCTA_ACTGCATA_S4_L004_R1_001.count.txt.gz
GSM3261595,SRR7498015,SRX4367456,KO1_rep1_2,KO1,Notch2CKO,1,2,SINGLE,False,GSM3261595_BSSE_QGF_41402_C87PPANXX_5_ACTCGCTA_ACTGCATA_S4_L005_R1_001.count.txt.gz,038655d72f3a22588f297a9c823d6e34d8f76ae4733cf5f0ae2527d1316701a4,https://ftp.ncbi.nlm.nih.gov/geo/samples/GSM3261nnn/GSM3261595/suppl/GSM3261595_BSSE_QGF_41402_C87PPANXX_5_ACTCGCTA_ACTGCATA_S4_L005_R1_001.count.txt.gz
GSM3261596,SRR7498016,SRX4367457,KO1_rep2_1,KO1,Notch2CKO,2,1,SINGLE,True,GSM3261596_BSSE_QGF_41408_C87PPANXX_4_GGAGCTAC_ACTGCATA_S10_L004_R1_001.count.txt.gz,8e5c1b8cc2a2963f228a75de77821b8d9318f98cec53d2f29ed784e21a8ff5f4,https://ftp.ncbi.nlm.nih.gov/geo/samples/GSM3261nnn/GSM3261596/suppl/GSM3261596_BSSE_QGF_41408_C87PPANXX_4_GGAGCTAC_ACTGCATA_S10_L004_R1_001.count.txt.gz
GSM3261597,SRR7498017,SRX4367458,KO1_rep2_2,KO1,Notch2CKO,2,2,SINGLE,False,GSM3261597_BSSE_QGF_41408_C87PPANXX_5_GGAGCTAC_ACTGCATA_S10_L005_R1_001.count.txt.gz,5ed6265d586156415ea47439e76c6344f04a6490bf6d2027317aafd8ffff6c5e,https://ftp.ncbi.nlm.nih.gov/geo/samples/GSM3261nnn/GSM3261597/suppl/GSM3261597_BSSE_QGF_41408_C87PPANXX_5_GGAGCTAC_ACTGCATA_S10_L005_R1_001.count.txt.gz
GSM3261598,SRR7498018,SRX4367459,KO2_rep1_1,KO2,Notch2CKO,1,1,SINGLE,True,GSM3261598_BSSE_QGF_41BSSE_QGF_41403_C87PPANXX_4_ACTCGCTA_AAGGAGTA_S5_L004_R1_001.count.txt.gz,69276395ca88e022023385435ff8b21386b05e05862ecd9164a71edb998da891,https://ftp.ncbi.nlm.nih.gov/geo/samples/GSM3261nnn/GSM3261598/suppl/GSM3261598_BSSE_QGF_41BSSE_QGF_41403_C87PPANXX_4_ACTCGCTA_AAGGAGTA_S5_L004_R1_001.count.txt.gz
GSM3261599,SRR7498019,SRX4367460,KO2_rep1_2,KO2,Notch2CKO,1,2,SINGLE,False,GSM3261599_BSSE_QGF_41403_C87PPANXX_5_ACTCGCTA_AAGGAGTA_S5_L005_R1_001.count.txt.gz,13eeab72c34a90f294a669d64684ab417305d7f17dc84c28281db259f5daf1f6,https://ftp.ncbi.nlm.nih.gov/geo/samples/GSM3261nnn/GSM3261599/suppl/GSM3261599_BSSE_QGF_41403_C87PPANXX_5_ACTCGCTA_AAGGAGTA_S5_L005_R1_001.count.txt.gz
GSM3261600,SRR7498020,SRX4367461,KO2_rep2_1,KO2,Notch2CKO,2,1,SINGLE,True,GSM3261600_BSSE_QGF_41409_C87PPANXX_4_GGAGCTAC_AAGGAGTA_S11_L004_R1_001.count.txt.gz,ecbdbbb70a579f4deca0cd3e5790ad14feed3723e134e73ae01d8ad4bd5f5e0c,https://ftp.ncbi.nlm.nih.gov/geo/samples/GSM3261nnn/GSM3261600/suppl/GSM3261600_BSSE_QGF_41409_C87PPANXX_4_GGAGCTAC_AAGGAGTA_S11_L004_R1_001.count.txt.gz
GSM3261601,SRR7498021,SRX4367462,KO2_rep2_2,KO2,Notch2CKO,2,2,SINGLE,False,GSM3261601_BSSE_QGF_41409_C87PPANXX_5_GGAGCTAC_AAGGAGTA_S11_L005_R1_001.count.txt.gz,27fa36a681646f2462b828b163654ddfca8b12b1c262734440db41455ace8dfa,https://ftp.ncbi.nlm.nih.gov/geo/samples/GSM3261nnn/GSM3261601/suppl/GSM3261601_BSSE_QGF_41409_C87PPANXX_5_GGAGCTAC_AAGGAGTA_S11_L005_R1_001.count.txt.gz
GSM3261602,SRR7498022,SRX4367463,KO3_rep1_1,KO3,Notch2CKO,1,1,SINGLE,True,GSM3261602_BSSE_QGF_41404_C87PPANXX_4_ACTCGCTA_CTAAGCCT_S6_L004_R1_001.count.txt.gz,160b0a1bc135409347135b50d6f31fca3a0014bddad0d0e9376dc72aa324e2a1,https://ftp.ncbi.nlm.nih.gov/geo/samples/GSM3261nnn/GSM3261602/suppl/GSM3261602_BSSE_QGF_41404_C87PPANXX_4_ACTCGCTA_CTAAGCCT_S6_L004_R1_001.count.txt.gz
GSM3261603,SRR7498023,SRX4367464,KO3_rep1_2,KO3,Notch2CKO,1,2,SINGLE,False,GSM3261603_BSSE_QGF_41404_C87PPANXX_5_ACTCGCTA_CTAAGCCT_S6_L005_R1_001.count.txt.gz,8149ad36f43ef78280dbbd28211a9f840cd359587b6b9248018d4f1a483d132d,https://ftp.ncbi.nlm.nih.gov/geo/samples/GSM3261nnn/GSM3261603/suppl/GSM3261603_BSSE_QGF_41404_C87PPANXX_5_ACTCGCTA_CTAAGCCT_S6_L005_R1_001.count.txt.gz
GSM3261604,SRR7498024,SRX4367465,KO3_rep2_1,KO3,Notch2CKO,2,1,SINGLE,True,GSM3261604_BSSE_QGF_41410_C87PPANXX_4_GGAGCTAC_CTAAGCCT_S12_L004_R1_001.count.txt.gz,9b93a45cc5a43f442bfd5c8651ff3f68714242975968165f8c08f01fa824f114,https://ftp.ncbi.nlm.nih.gov/geo/samples/GSM3261nnn/GSM3261604/suppl/GSM3261604_BSSE_QGF_41410_C87PPANXX_4_GGAGCTAC_CTAAGCCT_S12_L004_R1_001.count.txt.gz
GSM3261605,SRR7498025,SRX4367466,KO3_rep2_2,KO3,Notch2CKO,2,2,SINGLE,False,GSM3261605_BSSE_QGF_41410_C87PPANXX_5_GGAGCTAC_CTAAGCCT_S12_L005_R1_001.count.txt.gz,399d4465e8a2a0b9dd0d63631d442807bc415402243b3200f0ac89f2bd049df0,https://ftp.ncbi.nlm.nih.gov/geo/samples/GSM3261nnn/GSM3261605/suppl/GSM3261605_BSSE_QGF_41410_C87PPANXX_5_GGAGCTAC_CTAAGCCT_S12_L005_R1_001.count.txt.gz
